Time(s), Temperature(C)
Temp: 25.56 °C | Time: 40 |Setpoint: 40.00 °C | Output: 100.00 % | Error: 14.44 °C
Temp: 25.56 °C | Time: 60 |Setpoint: 40.00 °C | Output: 100.00 % | Error: 14.44 °C
Temp: 25.75 °C | Time: 80 |Setpoint: 40.00 °C | Output: 100.00 % | Error: 14.25 °C
Temp: 26.88 °C | Time: 100 |Setpoint: 40.00 °C | Output: 100.00 % | Error: 13.12 °C
Temp: 28.25 °C | Time: 120 |Setpoint: 40.00 °C | Output: 100.00 % | Error: 11.75 °C
Temp: 29.56 °C | Time: 140 |Setpoint: 40.00 °C | Output: 100.00 % | Error: 10.44 °C
Temp: 30.81 °C | Time: 160 |Setpoint: 40.00 °C | Output: 100.00 % | Error: 9.19 °C
Temp: 32.06 °C | Time: 180 |Setpoint: 40.00 °C | Output: 100.00 % | Error: 7.94 °C
Temp: 33.19 °C | Time: 200 |Setpoint: 40.00 °C | Output: 84.68 % | Error: 6.81 °C
Temp: 34.44 °C | Time: 220 |Setpoint: 40.00 °C | Output: 70.64 % | Error: 5.56 °C
Temp: 35.38 °C | Time: 240 |Setpoint: 40.00 °C | Output: 60.25 % | Error: 4.62 °C
Temp: 36.06 °C | Time: 260 |Setpoint: 40.00 °C | Output: 52.74 % | Error: 3.94 °C
Temp: 36.62 °C | Time: 280 |Setpoint: 40.00 °C | Output: 46.64 % | Error: 3.38 °C
Temp: 37.00 °C | Time: 300 |Setpoint: 40.00 °C | Output: 42.74 % | Error: 3.00 °C
Temp: 37.38 °C | Time: 320 |Setpoint: 40.00 °C | Output: 38.76 % | Error: 2.62 °C
Temp: 37.62 °C | Time: 340 |Setpoint: 40.00 °C | Output: 36.24 % | Error: 2.38 °C
Temp: 37.88 °C | Time: 360 |Setpoint: 40.00 °C | Output: 33.67 % | Error: 2.12 °C
Temp: 38.06 °C | Time: 380 |Setpoint: 40.00 °C | Output: 31.82 % | Error: 1.94 °C
Temp: 38.19 °C | Time: 400 |Setpoint: 40.00 °C | Output: 30.70 % | Error: 1.81 °C
Temp: 38.38 °C | Time: 420 |Setpoint: 40.00 °C | Output: 28.78 % | Error: 1.62 °C
Temp: 38.44 °C | Time: 440 |Setpoint: 40.00 °C | Output: 28.37 % | Error: 1.56 °C
Temp: 38.56 °C | Time: 460 |Setpoint: 40.00 °C | Output: 27.17 % | Error: 1.44 °C
Temp: 38.62 °C | Time: 480 |Setpoint: 40.00 °C | Output: 26.72 % | Error: 1.38 °C
Temp: 38.75 °C | Time: 500 |Setpoint: 40.00 °C | Output: 25.47 % | Error: 1.25 °C
Temp: 38.81 °C | Time: 520 |Setpoint: 40.00 °C | Output: 24.98 % | Error: 1.19 °C
Temp: 38.88 °C | Time: 540 |Setpoint: 40.00 °C | Output: 24.47 % | Error: 1.12 °C
Temp: 38.88 °C | Time: 560 |Setpoint: 40.00 °C | Output: 24.72 % | Error: 1.12 °C
Temp: 38.94 °C | Time: 580 |Setpoint: 40.00 °C | Output: 24.20 % | Error: 1.06 °C
Temp: 39.00 °C | Time: 600 |Setpoint: 40.00 °C | Output: 23.66 % | Error: 1.00 °C
Temp: 39.00 °C | Time: 620 |Setpoint: 40.00 °C | Output: 23.89 % | Error: 1.00 °C
Temp: 39.06 °C | Time: 640 |Setpoint: 40.00 °C | Output: 23.33 % | Error: 0.94 °C
Temp: 39.06 °C | Time: 660 |Setpoint: 40.00 °C | Output: 23.55 % | Error: 0.94 °C
Temp: 39.12 °C | Time: 680 |Setpoint: 40.00 °C | Output: 22.98 % | Error: 0.88 °C
Temp: 39.12 °C | Time: 700 |Setpoint: 40.00 °C | Output: 23.18 % | Error: 0.88 °C
Temp: 39.19 °C | Time: 720 |Setpoint: 40.00 °C | Output: 22.60 % | Error: 0.81 °C
Temp: 39.19 °C | Time: 740 |Setpoint: 40.00 °C | Output: 22.78 % | Error: 0.81 °C
Temp: 39.25 °C | Time: 760 |Setpoint: 40.00 °C | Output: 22.19 % | Error: 0.75 °C
Temp: 39.25 °C | Time: 780 |Setpoint: 40.00 °C | Output: 22.35 % | Error: 0.75 °C
Temp: 39.31 °C | Time: 800 |Setpoint: 40.00 °C | Output: 21.75 % | Error: 0.69 °C
Temp: 39.31 °C | Time: 820 |Setpoint: 40.00 °C | Output: 21.90 % | Error: 0.69 °C
Temp: 39.31 °C | Time: 840 |Setpoint: 40.00 °C | Output: 22.06 % | Error: 0.69 °C
Temp: 39.38 °C | Time: 860 |Setpoint: 40.00 °C | Output: 21.43 % | Error: 0.62 °C
Temp: 39.38 °C | Time: 880 |Setpoint: 40.00 °C | Output: 21.58 % | Error: 0.62 °C
Temp: 39.38 °C | Time: 900 |Setpoint: 40.00 °C | Output: 21.72 % | Error: 0.62 °C
Temp: 39.44 °C | Time: 920 |Setpoint: 40.00 °C | Output: 21.08 % | Error: 0.56 °C
Temp: 39.44 °C | Time: 940 |Setpoint: 40.00 °C | Output: 21.21 % | Error: 0.56 °C
Temp: 39.44 °C | Time: 960 |Setpoint: 40.00 °C | Output: 21.33 % | Error: 0.56 °C
Temp: 39.44 °C | Time: 980 |Setpoint: 40.00 °C | Output: 21.46 % | Error: 0.56 °C
Temp: 39.50 °C | Time: 1000 |Setpoint: 40.00 °C | Output: 20.81 % | Error: 0.50 °C
Temp: 39.50 °C | Time: 1020 |Setpoint: 40.00 °C | Output: 20.92 % | Error: 0.50 °C
Temp: 39.50 °C | Time: 1040 |Setpoint: 40.00 °C | Output: 21.03 % | Error: 0.50 °C
Temp: 39.56 °C | Time: 1060 |Setpoint: 40.00 °C | Output: 20.37 % | Error: 0.44 °C
Temp: 39.56 °C | Time: 1080 |Setpoint: 40.00 °C | Output: 20.47 % | Error: 0.44 °C
Temp: 39.50 °C | Time: 1100 |Setpoint: 40.00 °C | Output: 21.34 % | Error: 0.50 °C
Temp: 39.56 °C | Time: 1120 |Setpoint: 40.00 °C | Output: 20.68 % | Error: 0.44 °C
Temp: 39.56 °C | Time: 1140 |Setpoint: 40.00 °C | Output: 20.78 % | Error: 0.44 °C
Temp: 39.56 °C | Time: 1160 |Setpoint: 40.00 °C | Output: 20.88 % | Error: 0.44 °C
Temp: 39.56 °C | Time: 1180 |Setpoint: 40.00 °C | Output: 20.98 % | Error: 0.44 °C
Temp: 39.62 °C | Time: 1200 |Setpoint: 40.00 °C | Output: 20.30 % | Error: 0.38 °C
Temp: 39.62 °C | Time: 1220 |Setpoint: 40.00 °C | Output: 20.38 % | Error: 0.38 °C
Temp: 39.69 °C | Time: 1240 |Setpoint: 40.00 °C | Output: 19.69 % | Error: 0.31 °C
Temp: 39.69 °C | Time: 1260 |Setpoint: 40.00 °C | Output: 19.76 % | Error: 0.31 °C
Temp: 39.69 °C | Time: 1280 |Setpoint: 40.00 °C | Output: 19.83 % | Error: 0.31 °C
Temp: 39.69 °C | Time: 1300 |Setpoint: 40.00 °C | Output: 19.90 % | Error: 0.31 °C
Temp: 39.75 °C | Time: 1320 |Setpoint: 40.00 °C | Output: 19.19 % | Error: 0.25 °C
Temp: 39.75 °C | Time: 1340 |Setpoint: 40.00 °C | Output: 19.25 % | Error: 0.25 °C
Temp: 39.75 °C | Time: 1360 |Setpoint: 40.00 °C | Output: 19.31 % | Error: 0.25 °C
Temp: 39.75 °C | Time: 1380 |Setpoint: 40.00 °C | Output: 19.36 % | Error: 0.25 °C
Temp: 39.81 °C | Time: 1400 |Setpoint: 40.00 °C | Output: 18.64 % | Error: 0.19 °C
Temp: 39.81 °C | Time: 1420 |Setpoint: 40.00 °C | Output: 18.68 % | Error: 0.19 °C
Temp: 39.75 °C | Time: 1440 |Setpoint: 40.00 °C | Output: 19.50 % | Error: 0.25 °C
Temp: 39.75 °C | Time: 1460 |Setpoint: 40.00 °C | Output: 19.56 % | Error: 0.25 °C
Temp: 39.75 °C | Time: 1480 |Setpoint: 40.00 °C | Output: 19.62 % | Error: 0.25 °C
Temp: 39.75 °C | Time: 1500 |Setpoint: 40.00 °C | Output: 19.67 % | Error: 0.25 °C
Temp: 39.75 °C | Time: 1520 |Setpoint: 40.00 °C | Output: 19.73 % | Error: 0.25 °C
Temp: 39.75 °C | Time: 1540 |Setpoint: 40.00 °C | Output: 19.78 % | Error: 0.25 °C
Temp: 39.75 °C | Time: 1560 |Setpoint: 40.00 °C | Output: 19.84 % | Error: 0.25 °C
Temp: 39.75 °C | Time: 1580 |Setpoint: 40.00 °C | Output: 19.90 % | Error: 0.25 °C
Temp: 39.75 °C | Time: 1600 |Setpoint: 40.00 °C | Output: 19.95 % | Error: 0.25 °C
Temp: 39.75 °C | Time: 1620 |Setpoint: 40.00 °C | Output: 20.01 % | Error: 0.25 °C
Temp: 39.75 °C | Time: 1640 |Setpoint: 40.00 °C | Output: 20.07 % | Error: 0.25 °C
Temp: 39.75 °C | Time: 1660 |Setpoint: 40.00 °C | Output: 20.12 % | Error: 0.25 °C
Temp: 39.75 °C | Time: 1680 |Setpoint: 40.00 °C | Output: 20.18 % | Error: 0.25 °C
Temp: 39.75 °C | Time: 1700 |Setpoint: 40.00 °C | Output: 20.23 % | Error: 0.25 °C
Temp: 39.75 °C | Time: 1720 |Setpoint: 40.00 °C | Output: 20.29 % | Error: 0.25 °C
Temp: 39.75 °C | Time: 1740 |Setpoint: 40.00 °C | Output: 20.35 % | Error: 0.25 °C
Temp: 39.75 °C | Time: 1760 |Setpoint: 40.00 °C | Output: 20.40 % | Error: 0.25 °C
Temp: 39.75 °C | Time: 1780 |Setpoint: 40.00 °C | Output: 20.46 % | Error: 0.25 °C
Temp: 39.75 °C | Time: 1800 |Setpoint: 40.00 °C | Output: 20.52 % | Error: 0.25 °C
Temp: 39.75 °C | Time: 1820 |Setpoint: 40.00 °C | Output: 20.57 % | Error: 0.25 °C
Temp: 39.75 °C | Time: 1840 |Setpoint: 40.00 °C | Output: 20.63 % | Error: 0.25 °C
Temp: 39.75 °C | Time: 1860 |Setpoint: 40.00 °C | Output: 20.68 % | Error: 0.25 °C
Temp: 39.75 °C | Time: 1880 |Setpoint: 40.00 °C | Output: 20.74 % | Error: 0.25 °C
Temp: 39.81 °C | Time: 1900 |Setpoint: 40.00 °C | Output: 20.02 % | Error: 0.19 °C
Temp: 39.81 °C | Time: 1920 |Setpoint: 40.00 °C | Output: 20.06 % | Error: 0.19 °C
Temp: 39.81 °C | Time: 1940 |Setpoint: 40.00 °C | Output: 20.10 % | Error: 0.19 °C
Temp: 39.88 °C | Time: 1960 |Setpoint: 40.00 °C | Output: 19.37 % | Error: 0.12 °C
Temp: 39.88 °C | Time: 1980 |Setpoint: 40.00 °C | Output: 19.40 % | Error: 0.12 °C
Temp: 39.88 °C | Time: 2000 |Setpoint: 40.00 °C | Output: 19.43 % | Error: 0.12 °C
Temp: 39.88 °C | Time: 2020 |Setpoint: 40.00 °C | Output: 19.45 % | Error: 0.12 °C
Temp: 39.88 °C | Time: 2040 |Setpoint: 40.00 °C | Output: 19.48 % | Error: 0.12 °C
Temp: 39.88 °C | Time: 2060 |Setpoint: 40.00 °C | Output: 19.51 % | Error: 0.12 °C
Temp: 39.88 °C | Time: 2080 |Setpoint: 40.00 °C | Output: 19.54 % | Error: 0.12 °C
Temp: 39.94 °C | Time: 2100 |Setpoint: 40.00 °C | Output: 18.79 % | Error: 0.06 °C
Temp: 39.94 °C | Time: 2120 |Setpoint: 40.00 °C | Output: 18.80 % | Error: 0.06 °C
Temp: 39.94 °C | Time: 2140 |Setpoint: 40.00 °C | Output: 18.82 % | Error: 0.06 °C
Temp: 39.88 °C | Time: 2160 |Setpoint: 40.00 °C | Output: 19.61 % | Error: 0.12 °C
Temp: 39.94 °C | Time: 2180 |Setpoint: 40.00 °C | Output: 18.86 % | Error: 0.06 °C
Temp: 39.88 °C | Time: 2200 |Setpoint: 40.00 °C | Output: 19.65 % | Error: 0.12 °C
Temp: 39.88 °C | Time: 2220 |Setpoint: 40.00 °C | Output: 19.68 % | Error: 0.12 °C
Temp: 39.94 °C | Time: 2240 |Setpoint: 40.00 °C | Output: 18.93 % | Error: 0.06 °C
Temp: 39.88 °C | Time: 2260 |Setpoint: 40.00 °C | Output: 19.72 % | Error: 0.12 °C
Temp: 39.94 °C | Time: 2280 |Setpoint: 40.00 °C | Output: 18.97 % | Error: 0.06 °C
Temp: 39.94 °C | Time: 2300 |Setpoint: 40.00 °C | Output: 18.99 % | Error: 0.06 °C
Temp: 39.94 °C | Time: 2320 |Setpoint: 40.00 °C | Output: 19.00 % | Error: 0.06 °C
Temp: 39.94 °C | Time: 2340 |Setpoint: 40.00 °C | Output: 19.02 % | Error: 0.06 °C
Temp: 39.94 °C | Time: 2360 |Setpoint: 40.00 °C | Output: 19.03 % | Error: 0.06 °C
Temp: 39.94 °C | Time: 2380 |Setpoint: 40.00 °C | Output: 19.04 % | Error: 0.06 °C
Temp: 39.94 °C | Time: 2400 |Setpoint: 40.00 °C | Output: 19.06 % | Error: 0.06 °C
Temp: 39.94 °C | Time: 2420 |Setpoint: 40.00 °C | Output: 19.07 % | Error: 0.06 °C
Temp: 39.94 °C | Time: 2440 |Setpoint: 40.00 °C | Output: 19.09 % | Error: 0.06 °C
Temp: 39.94 °C | Time: 2460 |Setpoint: 40.00 °C | Output: 19.10 % | Error: 0.06 °C
Temp: 39.94 °C | Time: 2480 |Setpoint: 40.00 °C | Output: 19.11 % | Error: 0.06 °C
Temp: 39.94 °C | Time: 2500 |Setpoint: 40.00 °C | Output: 19.13 % | Error: 0.06 °C
Temp: 39.94 °C | Time: 2520 |Setpoint: 40.00 °C | Output: 19.14 % | Error: 0.06 °C
Temp: 39.88 °C | Time: 2540 |Setpoint: 40.00 °C | Output: 19.93 % | Error: 0.12 °C
Temp: 39.94 °C | Time: 2560 |Setpoint: 40.00 °C | Output: 19.18 % | Error: 0.06 °C
Temp: 39.94 °C | Time: 2580 |Setpoint: 40.00 °C | Output: 19.20 % | Error: 0.06 °C
Temp: 39.94 °C | Time: 2600 |Setpoint: 40.00 °C | Output: 19.21 % | Error: 0.06 °C
Temp: 39.94 °C | Time: 2620 |Setpoint: 40.00 °C | Output: 19.23 % | Error: 0.06 °C
Temp: 39.94 °C | Time: 2640 |Setpoint: 40.00 °C | Output: 19.24 % | Error: 0.06 °C
Temp: 39.94 °C | Time: 2660 |Setpoint: 40.00 °C | Output: 19.25 % | Error: 0.06 °C
Temp: 39.94 °C | Time: 2680 |Setpoint: 40.00 °C | Output: 19.27 % | Error: 0.06 °C
Temp: 39.94 °C | Time: 2700 |Setpoint: 40.00 °C | Output: 19.28 % | Error: 0.06 °C
Temp: 39.94 °C | Time: 2720 |Setpoint: 40.00 °C | Output: 19.30 % | Error: 0.06 °C
Temp: 39.94 °C | Time: 2740 |Setpoint: 40.00 °C | Output: 19.31 % | Error: 0.06 °C
Temp: 39.94 °C | Time: 2760 |Setpoint: 40.00 °C | Output: 19.33 % | Error: 0.06 °C
Temp: 39.94 °C | Time: 2780 |Setpoint: 40.00 °C | Output: 19.34 % | Error: 0.06 °C
Temp: 39.94 °C | Time: 2800 |Setpoint: 40.00 °C | Output: 19.35 % | Error: 0.06 °C
Temp: 39.94 °C | Time: 2820 |Setpoint: 40.00 °C | Output: 19.37 % | Error: 0.06 °C
Temp: 39.94 °C | Time: 2840 |Setpoint: 40.00 °C | Output: 19.38 % | Error: 0.06 °C
Temp: 40.00 °C | Time: 2860 |Setpoint: 40.00 °C | Output: 18.62 % | Error: 0.00 °C
Temp: 39.94 °C | Time: 2880 |Setpoint: 40.00 °C | Output: 19.40 % | Error: 0.06 °C
Temp: 39.94 °C | Time: 2900 |Setpoint: 40.00 °C | Output: 19.41 % | Error: 0.06 °C
Temp: 39.94 °C | Time: 2920 |Setpoint: 40.00 °C | Output: 19.42 % | Error: 0.06 °C
Temp: 39.94 °C | Time: 2940 |Setpoint: 40.00 °C | Output: 19.44 % | Error: 0.06 °C
Temp: 39.94 °C | Time: 2960 |Setpoint: 40.00 °C | Output: 19.45 % | Error: 0.06 °C
Temp: 39.94 °C | Time: 2980 |Setpoint: 40.00 °C | Output: 19.47 % | Error: 0.06 °C
Temp: 39.94 °C | Time: 3000 |Setpoint: 40.00 °C | Output: 19.48 % | Error: 0.06 °C
Temp: 39.94 °C | Time: 3020 |Setpoint: 40.00 °C | Output: 19.49 % | Error: 0.06 °C
Temp: 39.94 °C | Time: 3040 |Setpoint: 40.00 °C | Output: 19.51 % | Error: 0.06 °C
Temp: 39.94 °C | Time: 3060 |Setpoint: 40.00 °C | Output: 19.52 % | Error: 0.06 °C
Temp: 39.94 °C | Time: 3080 |Setpoint: 40.00 °C | Output: 19.54 % | Error: 0.06 °C
Temp: 39.94 °C | Time: 3100 |Setpoint: 40.00 °C | Output: 19.55 % | Error: 0.06 °C
Temp: 39.94 °C | Time: 3120 |Setpoint: 40.00 °C | Output: 19.56 % | Error: 0.06 °C
Temp: 39.94 °C | Time: 3140 |Setpoint: 40.00 °C | Output: 19.58 % | Error: 0.06 °C
Temp: 39.94 °C | Time: 3160 |Setpoint: 40.00 °C | Output: 19.59 % | Error: 0.06 °C
Temp: 39.88 °C | Time: 3180 |Setpoint: 40.00 °C | Output: 20.38 % | Error: 0.12 °C
Temp: 39.94 °C | Time: 3200 |Setpoint: 40.00 °C | Output: 19.63 % | Error: 0.06 °C
